tweet,sentiment
"Overall, I highly recommend this honestly.",positive
"Right now, What a horrible experience today .",negative
"After trying it, The temperature is around 25 degrees .",neutral
"Personally, This is terrible and does not work .",negative
"Honestly, The website is currently available .",neutral
"Honestly, The application has been updated .",neutral
"After trying it, This is amazing and works perfectly .",positive
"After trying it, The event starts at 6 PM after trying it.",neutral
"For me, This is not what I wanted",negative
"Right now, The product is available in three colors .",neutral
"In my opinion, The train arrived at the station .",neutral
"Today, I am unhappy with the results after trying it.",negative
"Overall, This is terrible and does not work in my opinion.",negative
"Personally, I highly recommend this .",positive
"Honestly, Worst purchase I have made .",negative
"After trying it, The event starts at 6 PM honestly.",neutral
"Personally, The new features are useless .",negative
"Overall, This update is terrible",negative
"For me, The train arrived at the station .",neutral
"Just saying, I am very happy with the results .",positive
"Right now, The application has been updated .",neutral
I highly recommend this in my opinion.,positive
"For me, The meeting is scheduled for tomorrow honestly.",neutral
"Overall, The new features are useless honestly.",negative
"After trying it, I am satisfied with the results .",positive
"Today, The package contains two items .",neutral
"After trying it, The temperature is around 25 degrees right now.",neutral
"Personally, I am disappointed with the quality .",negative
"Right now, The team did an amazing job right now.",positive
"After trying it, I watched the latest episode right now.",neutral
"Personally, The company released a new announcement in my opinion.",neutral
"In my opinion, Feeling frustrated and disappointed today right now.",negative
"Personally, I watched the latest episode .",neutral
"In my opinion, Everything went completely wrong today.",negative
"In my opinion, I am satisfied with the results .",positive
"Honestly, The package contains two items .",neutral
"Just saying, This made my day so much better #review",positive
"Just saying, I received the package this morning .",neutral
"Right now, This is amazing and works perfectly right now.",positive
"Personally, I am very disappointed with the results after trying it.",negative
"After trying it, Such a horrible day .",negative
"Personally, This is exactly what I wanted",positive
Feeling great and positive today .,positive
"Personally, I am reading the news right now .",neutral
"After trying it, This update is terrible .",negative
"For me, Absolutely fantastic experience in my opinion.",positive
Feeling frustrated and disappointed today .,negative
"After trying it, Best purchase I have made in a long time honestly.",positive
"Right now, I absolutely hate this product right now.",negative
"Right now, Everything worked perfectly #review",positive
"For me, I am disappointed with the quality in my opinion.",negative
The team did an amazing job right now.,positive
"Honestly, The service was awful .",negative
The team did a terrible job .,negative
"For me, Feeling frustrated and disappointed today .",negative
"Just saying, The website is currently available",neutral
"Overall, The temperature is around 25 degrees honestly.",neutral
I would not recommend this honestly.,negative
"Personally, I am reading the news right now .",neutral
"Today, The team did an amazing job .",positive
"Overall, I am satisfied with the results .",positive
"In my opinion, I really enjoyed this experience",positive
I am very happy with the results,positive
"Just saying, The temperature is around 25 degrees right now.",neutral
"In my opinion, I watched the latest episode .",neutral
"Today, I am impressed with the quality .",positive
"Overall, What a horrible experience today in my opinion.",negative
"Personally, The flight is scheduled for Monday #twitter",neutral
"After trying it, The product is available in three colors honestly.",neutral
The service was excellent today.,positive
"Personally, I absolutely love this product .",positive
"After trying it, The meeting is scheduled for tomorrow .",neutral
"Today, What a wonderful experience today .",positive
"After trying it, Best purchase I have made in a long time #review",positive
"Honestly, The new features are brilliant right now.",positive
"Just saying, Feeling great and positive today right now.",positive
"Overall, This movie was extremely boring .",negative
"After trying it, The train arrived at the station",neutral
"Just saying, Everything went completely wrong #review",negative
The new features are brilliant .,positive
"Personally, Absolutely fantastic experience #review",positive
"Right now, I am very happy with the results .",positive
"Right now, Such a beautiful day .",positive
"Personally, I am checking the latest information .",neutral
The meeting is scheduled for tomorrow .,neutral
"In my opinion, I really disliked this experience",negative
"Right now, The store opens at 9 AM #review",neutral
"Personally, I am unhappy with the results in my opinion.",negative
"Today, I really enjoyed this experience .",positive
"Today, The store opens at 9 AM honestly.",neutral
"After trying it, This movie was extremely boring .",negative
"In my opinion, The flight is scheduled for Monday",neutral
"Today, I really disliked this experience .",negative
"Personally, The application has been updated .",neutral
"Right now, The team did a terrible job",negative
"In my opinion, Absolutely awful experience #review",negative
"Today, The store opens at 9 AM .",neutral
"Personally, The product is available in three colors honestly.",neutral
"After trying it, Everything went completely wrong in my opinion.",negative
"Personally, The new features are useless .",negative
"Just saying, The event starts at 6 PM .",neutral
"For me, The weather is cloudy today after trying it.",neutral
"Overall, The team did an amazing job .",positive
"After trying it, This made my day much worse today.",negative
"For me, Absolutely awful experience #twitter",negative
"Honestly, The temperature is around 25 degrees honestly.",neutral
"Just saying, The company released a new announcement #review",neutral
"Right now, Feeling frustrated and disappointed today .",negative
Such a beautiful day .,positive
"After trying it, The website is currently available",neutral
"After trying it, The company released a new announcement #review",neutral
"Just saying, The new features are brilliant .",positive
"In my opinion, The train arrived at the station .",neutral
"Honestly, This movie was extremely boring .",negative
"Today, The meeting is scheduled for tomorrow .",neutral
"Just saying, I would not recommend this .",negative
"Today, I watched the latest episode today.",neutral
The train arrived at the station .,neutral
"Honestly, The meeting is scheduled for tomorrow .",neutral
Everything worked perfectly .,positive
"In my opinion, What a wonderful experience today .",positive
"Honestly, The class begins at 10 AM right now.",neutral
"After trying it, This made my day so much better after trying it.",positive
"Today, This is amazing and works perfectly .",positive
"For me, I watched the latest episode after trying it.",neutral
"Personally, The service was excellent .",positive
"Right now, Such a horrible day #twitter",negative
"Personally, I am reading the news right now .",neutral
"Personally, The package contains two items .",neutral
"After trying it, What a horrible experience today .",negative
"After trying it, The class begins at 10 AM",neutral
The weather is cloudy today right now.,neutral
What a wonderful experience today after trying it.,positive
I am checking the latest information .,neutral
"Right now, Such a horrible day .",negative
"Today, I am disappointed with the quality .",negative
"Right now, Everything went completely wrong .",negative
"Overall, The results will be announced later in my opinion.",neutral
"In my opinion, Worst purchase I have made in my opinion.",negative
"Personally, Such a horrible day honestly.",negative
"In my opinion, Absolutely awful experience .",negative
"Right now, The temperature is around 25 degrees #twitter",neutral
"Honestly, Such a horrible day .",negative
"In my opinion, This made my day so much better #twitter",positive
"Just saying, The service was awful .",negative
"Right now, I am disappointed with the quality .",negative
"Honestly, The package contains two items .",neutral
"After trying it, I received the package this morning #review",neutral
"Overall, Best purchase I have made in a long time after trying it.",positive
"Overall, Absolutely awful experience .",negative
The service was excellent .,positive
This is exactly what I wanted .,positive
Everything went completely wrong .,negative
"Today, The train arrived at the station .",neutral
"Today, This update is awesome .",positive
"Personally, This is exactly what I wanted .",positive
"Overall, The store opens at 9 AM .",neutral
"After trying it, The product is available in three colors .",neutral
"For me, This made my day much worse .",negative
"In my opinion, I am checking the latest information .",neutral
"Personally, I am reading the news right now .",neutral
"Personally, Everything worked perfectly .",positive
I watched the latest episode .,neutral
"After trying it, I absolutely hate this product after trying it.",negative
I really enjoyed this experience .,positive
"In my opinion, I highly recommend this in my opinion.",positive
"Overall, Such a horrible day right now.",negative
"Right now, This update is awesome honestly.",positive
I highly recommend this today.,positive
"For me, I absolutely hate this product .",negative
"For me, The weather is cloudy today",neutral
What a horrible experience today .,negative
"Personally, The report was published today .",neutral
"Honestly, I really enjoyed this experience today.",positive
"Just saying, Such a beautiful day right now.",positive
"After trying it, The service was awful .",negative
"After trying it, This is terrible and does not work #review",negative
"Overall, The report was published today after trying it.",neutral
"Just saying, The team did a terrible job .",negative
"Personally, The team will meet next week .",neutral
"For me, Feeling great and positive today .",positive
"Honestly, I absolutely love this product honestly.",positive
"Today, Everything worked perfectly in my opinion.",positive
I received the package this morning .,neutral
"Just saying, Such a horrible day .",negative
"Overall, The train arrived at the station .",neutral
"For me, Such a beautiful day .",positive
"Overall, This movie was fantastic .",positive
"In my opinion, What a wonderful experience today .",positive
"Right now, I am satisfied with the results #review",positive
"For me, This is not what I wanted honestly.",negative
"Overall, I am reading the news right now .",neutral
"Overall, I watched the latest episode .",neutral
Feeling great and positive today #twitter,positive
"Overall, This made my day so much better .",positive
"Today, I absolutely love this product after trying it.",positive
"In my opinion, What a horrible experience today .",negative
"Honestly, The team will meet next week today.",neutral
"In my opinion, This update is terrible right now.",negative
"After trying it, The report was published today today.",neutral
I received the package this morning right now.,neutral
"Today, The service was excellent right now.",positive
Such a beautiful day,positive
"Just saying, I am reading the news right now .",neutral
"Overall, I absolutely hate this product #twitter",negative
"For me, I highly recommend this right now.",positive
"Today, I watched the latest episode after trying it.",neutral
"Just saying, Everything went completely wrong right now.",negative
"After trying it, This movie was fantastic .",positive
"Personally, I am very disappointed with the results #twitter",negative
"Today, Absolutely awful experience .",negative
"Personally, The team did a terrible job .",negative
Best purchase I have made in a long time right now.,positive
"Personally, The product is available in three colors .",neutral
"After trying it, The team did a terrible job .",negative
"Just saying, I watched the latest episode .",neutral
"Just saying, The package contains two items in my opinion.",neutral
"Right now, I am checking the latest information right now.",neutral
"Honestly, The report was published today .",neutral
"Honestly, I am reading the news right now .",neutral
"Just saying, The train arrived at the station in my opinion.",neutral
The report was published today honestly.,neutral
"Honestly, This is terrible and does not work in my opinion.",negative
The meeting is scheduled for tomorrow .,neutral
"Honestly, I am checking the latest information .",neutral
"Personally, I received the package this morning .",neutral
"Personally, The flight is scheduled for Monday .",neutral
"In my opinion, This update is awesome",positive
The team did a terrible job .,negative
"In my opinion, I am impressed with the quality honestly.",positive
The meeting is scheduled for tomorrow .,neutral
"For me, I am impressed with the quality .",positive
"Just saying, I highly recommend this .",positive
"Right now, I am reading the news right now .",neutral
"In my opinion, The package contains two items .",neutral
"For me, Absolutely fantastic experience .",positive
"Right now, Such a horrible day .",negative
"Personally, I am checking the latest information .",neutral
"Overall, The service was awful #twitter",negative
"Just saying, Everything worked perfectly .",positive
"Just saying, The report was published today .",neutral
"Right now, The train arrived at the station right now.",neutral
"Just saying, Everything went completely wrong .",negative
"Today, I would not recommend this #review",negative
This update is terrible .,negative
"Personally, This movie was fantastic right now.",positive
"In my opinion, This movie was extremely boring .",negative
"Overall, This is not what I wanted right now.",negative
"For me, I am checking the latest information .",neutral
I really enjoyed this experience in my opinion.,positive
"Just saying, The team will meet next week #twitter",neutral
"Just saying, The temperature is around 25 degrees after trying it.",neutral
"Right now, The website is currently available #review",neutral
"In my opinion, I am checking the latest information",neutral
"Today, I am disappointed with the quality after trying it.",negative
"Honestly, I am disappointed with the quality honestly.",negative
"For me, I am checking the latest information in my opinion.",neutral
"After trying it, Feeling great and positive today in my opinion.",positive
"Honestly, The product is available in three colors #review",neutral
The product is available in three colors .,neutral
"Today, The service was excellent honestly.",positive
"Personally, Feeling frustrated and disappointed today .",negative
"Right now, I highly recommend this after trying it.",positive
"Just saying, I am very disappointed with the results .",negative
"In my opinion, I am satisfied with the results .",positive
"Honestly, I received the package this morning #twitter",neutral
"Right now, What a horrible experience today after trying it.",negative
"Right now, The train arrived at the station #review",neutral
"After trying it, I am disappointed with the quality #twitter",negative
"Just saying, I really disliked this experience .",negative
"Honestly, Absolutely fantastic experience .",positive
"Overall, The service was awful",negative
"Honestly, This is not what I wanted #review",negative
"In my opinion, I absolutely hate this product honestly.",negative
"Right now, The package contains two items .",neutral
"Overall, This is terrible and does not work .",negative
"Overall, Everything went completely wrong .",negative
"Personally, I am satisfied with the results .",positive
"In my opinion, This update is terrible .",negative
"Today, I highly recommend this after trying it.",positive
"Honestly, The team did an amazing job .",positive
"For me, Everything worked perfectly .",positive
"Honestly, The temperature is around 25 degrees .",neutral
"Right now, Everything worked perfectly after trying it.",positive
"Honestly, Such a beautiful day right now.",positive
This is amazing and works perfectly #review,positive
"For me, I am reading the news right now .",neutral
"Honestly, The weather is cloudy today",neutral
"For me, Best purchase I have made in a long time .",positive
"Today, This is not what I wanted right now.",negative
The team did a terrible job #review,negative
The meeting is scheduled for tomorrow .,neutral
"Overall, I would not recommend this #twitter",negative
Such a horrible day in my opinion.,negative
"Personally, I am very happy with the results",positive
"In my opinion, This movie was fantastic .",positive
"After trying it, The website is currently available .",neutral
"Personally, Feeling frustrated and disappointed today .",negative
"After trying it, The company released a new announcement .",neutral
"Overall, The results will be announced later honestly.",neutral
"After trying it, Such a beautiful day right now.",positive
"In my opinion, I would not recommend this in my opinion.",negative
The new features are brilliant honestly.,positive
I am unhappy with the results #review,negative
"For me, This movie was fantastic honestly.",positive
Worst purchase I have made in my opinion.,negative
This is not what I wanted .,negative
"Personally, The service was excellent in my opinion.",positive
"In my opinion, The team will meet next week .",neutral
"Overall, The package contains two items .",neutral
"Just saying, Best purchase I have made in a long time",positive
"After trying it, What a horrible experience today .",negative
"For me, The package contains two items",neutral
"Personally, Feeling great and positive today #twitter",positive
"Just saying, I am disappointed with the quality .",negative
"For me, The team will meet next week",neutral
"After trying it, I am very disappointed with the results .",negative
"After trying it, Absolutely fantastic experience today.",positive
"Just saying, Such a beautiful day .",positive
"Honestly, The package contains two items #twitter",neutral
"After trying it, Such a horrible day",negative
"In my opinion, Worst purchase I have made .",negative
"Today, This is exactly what I wanted .",positive
I watched the latest episode .,neutral
"Today, I am very happy with the results .",positive
The service was excellent .,positive
"After trying it, The team will meet next week",neutral
"Right now, I absolutely love this product .",positive
"Right now, I am very happy with the results .",positive
I am checking the latest information,neutral
"Personally, I absolutely hate this product .",negative
The team did a terrible job after trying it.,negative
"Today, The new features are useless .",negative
What a wonderful experience today .,positive
"Overall, I am disappointed with the quality .",negative
"Today, The product is available in three colors #review",neutral
"After trying it, The service was awful .",negative
"Overall, I would not recommend this after trying it.",negative
"Just saying, Absolutely awful experience in my opinion.",negative
"Just saying, This is not what I wanted .",negative
"Today, I absolutely love this product .",positive
The service was awful .,negative
This update is awesome .,positive
The company released a new announcement #twitter,neutral
"Just saying, I am unhappy with the results today.",negative
The company released a new announcement #twitter,neutral
"For me, What a wonderful experience today .",positive
"Overall, I would not recommend this .",negative
"Honestly, The meeting is scheduled for tomorrow after trying it.",neutral
"For me, I am very disappointed with the results #review",negative
"Honestly, This is exactly what I wanted .",positive
"Today, The flight is scheduled for Monday .",neutral
"For me, I would not recommend this .",negative
"Personally, The team did a terrible job in my opinion.",negative
"For me, This is amazing and works perfectly .",positive
"For me, The service was awful .",negative
"For me, The team did an amazing job .",positive
"In my opinion, What a horrible experience today after trying it.",negative
"For me, The new features are brilliant .",positive
I highly recommend this right now.,positive
"Today, This update is awesome .",positive
"Today, I really enjoyed this experience honestly.",positive
"Today, I am very disappointed with the results #twitter",negative
"Just saying, I watched the latest episode",neutral
"Honestly, The service was excellent #review",positive
What a wonderful experience today in my opinion.,positive
"Personally, I absolutely love this product .",positive
"Today, I am disappointed with the quality #review",negative
"Just saying, This is exactly what I wanted .",positive
I really disliked this experience #review,negative
"Personally, I am unhappy with the results .",negative
"Overall, I watched the latest episode .",neutral
"Personally, The report was published today after trying it.",neutral
"Just saying, I watched the latest episode .",neutral
"After trying it, The service was excellent #twitter",positive
"Honestly, The service was awful .",negative
"In my opinion, The class begins at 10 AM right now.",neutral
"For me, I really disliked this experience",negative
"Today, Everything worked perfectly in my opinion.",positive
"After trying it, I am impressed with the quality right now.",positive
"For me, Such a beautiful day .",positive
"After trying it, Worst purchase I have made honestly.",negative
"In my opinion, I absolutely hate this product today.",negative
"Overall, I highly recommend this .",positive
"In my opinion, Worst purchase I have made after trying it.",negative
"Today, Everything went completely wrong right now.",negative
"Right now, This made my day much worse #twitter",negative
"Today, The new features are brilliant .",positive
"Overall, This update is awesome",positive
This update is awesome .,positive
"Right now, This is terrible and does not work in my opinion.",negative
"For me, I am impressed with the quality .",positive
"Honestly, I am reading the news right now .",neutral
"Personally, The store opens at 9 AM .",neutral
"After trying it, I absolutely hate this product today.",negative
"Just saying, The flight is scheduled for Monday honestly.",neutral
The weather is cloudy today #twitter,neutral
"In my opinion, What a horrible experience today .",negative
The website is currently available #review,neutral
"Honestly, The weather is cloudy today right now.",neutral
"After trying it, I really enjoyed this experience after trying it.",positive
"In my opinion, The weather is cloudy today today.",neutral
"Personally, Absolutely awful experience after trying it.",negative
"In my opinion, What a wonderful experience today today.",positive
"Right now, The event starts at 6 PM honestly.",neutral
"Just saying, Best purchase I have made in a long time today.",positive
"Right now, The website is currently available .",neutral
"Personally, I absolutely love this product honestly.",positive
"Honestly, The team did an amazing job .",positive
"After trying it, I absolutely love this product #review",positive
"Just saying, What a wonderful experience today in my opinion.",positive
"Honestly, The train arrived at the station right now.",neutral
"Overall, This is amazing and works perfectly right now.",positive
"For me, I am unhappy with the results in my opinion.",negative
"Personally, The new features are brilliant #review",positive
"Honestly, I am very happy with the results today.",positive
"After trying it, I am checking the latest information .",neutral
"Honestly, The report was published today in my opinion.",neutral
"Honestly, Feeling great and positive today",positive
"Personally, The application has been updated right now.",neutral
"In my opinion, Best purchase I have made in a long time right now.",positive
"Personally, This is exactly what I wanted right now.",positive
"Overall, This is terrible and does not work .",negative
"For me, I am impressed with the quality .",positive
"In my opinion, The new features are useless",negative
"For me, Feeling frustrated and disappointed today right now.",negative
"Personally, The product is available in three colors today.",neutral
"Right now, Feeling frustrated and disappointed today right now.",negative
"Honestly, The package contains two items right now.",neutral
"For me, This is amazing and works perfectly #twitter",positive
"Overall, Feeling frustrated and disappointed today .",negative
Everything went completely wrong #review,negative
"Just saying, The team will meet next week .",neutral
"In my opinion, I am disappointed with the quality .",negative
"Honestly, The train arrived at the station .",neutral
"Just saying, Best purchase I have made in a long time in my opinion.",positive
"After trying it, I really enjoyed this experience .",positive
"In my opinion, This is not what I wanted today.",negative
"Just saying, The temperature is around 25 degrees #twitter",neutral
"Honestly, I am unhappy with the results after trying it.",negative
I am unhappy with the results .,negative
"Personally, The report was published today in my opinion.",neutral
"In my opinion, I am very happy with the results .",positive
"For me, This update is awesome .",positive
"Just saying, I watched the latest episode .",neutral
"For me, I absolutely hate this product today.",negative
"Just saying, I absolutely love this product #twitter",positive
"Just saying, The store opens at 9 AM .",neutral
"For me, Feeling frustrated and disappointed today #review",negative
"Personally, Feeling great and positive today .",positive
"Today, The train arrived at the station .",neutral
The flight is scheduled for Monday .,neutral
"Just saying, The temperature is around 25 degrees .",neutral
I am impressed with the quality,positive
"Right now, The weather is cloudy today .",neutral
"Today, The application has been updated #review",neutral
"Honestly, This movie was extremely boring right now.",negative
"Right now, Feeling frustrated and disappointed today after trying it.",negative
"After trying it, The store opens at 9 AM in my opinion.",neutral
"Personally, The temperature is around 25 degrees .",neutral
"Today, I am disappointed with the quality #review",negative
"For me, The website is currently available today.",neutral
"Just saying, The event starts at 6 PM .",neutral
"Personally, This is amazing and works perfectly #twitter",positive
"Honestly, I am checking the latest information",neutral
"Right now, Everything went completely wrong after trying it.",negative
"After trying it, I really enjoyed this experience right now.",positive
"After trying it, Feeling frustrated and disappointed today in my opinion.",negative
"Today, This is exactly what I wanted .",positive
"Right now, The website is currently available .",neutral
"Right now, Absolutely awful experience .",negative
Everything went completely wrong right now.,negative
"Just saying, The report was published today .",neutral
"Just saying, Best purchase I have made in a long time honestly.",positive
Feeling frustrated and disappointed today .,negative
"Right now, I am checking the latest information today.",neutral
"After trying it, The new features are brilliant today.",positive
"In my opinion, The train arrived at the station #twitter",neutral
"Right now, What a wonderful experience today right now.",positive
"Honestly, The new features are brilliant #twitter",positive
"Honestly, The product is available in three colors .",neutral
"Overall, Feeling great and positive today .",positive
"Honestly, The company released a new announcement .",neutral
"Overall, I am impressed with the quality .",positive
"Honestly, Such a beautiful day .",positive
"For me, The meeting is scheduled for tomorrow .",neutral
"Right now, The product is available in three colors in my opinion.",neutral
This is terrible and does not work #twitter,negative
"Right now, I watched the latest episode",neutral
"Just saying, Worst purchase I have made .",negative
"Just saying, Worst purchase I have made .",negative
"For me, The product is available in three colors today.",neutral
"Personally, I am very happy with the results .",positive
"Just saying, I am satisfied with the results .",positive
"Right now, The company released a new announcement .",neutral
"In my opinion, This is not what I wanted honestly.",negative
"For me, I watched the latest episode after trying it.",neutral
"In my opinion, This movie was fantastic .",positive
"For me, I watched the latest episode .",neutral
"Personally, Feeling frustrated and disappointed today .",negative
"Today, The team did an amazing job in my opinion.",positive
"For me, The team did an amazing job",positive
"For me, The application has been updated .",neutral
The temperature is around 25 degrees .,neutral
"Right now, What a horrible experience today in my opinion.",negative
"For me, The report was published today .",neutral
"Personally, The report was published today .",neutral
This is amazing and works perfectly .,positive
"Just saying, The flight is scheduled for Monday #review",neutral
"Just saying, The class begins at 10 AM .",neutral
"Personally, I received the package this morning .",neutral
"Just saying, Absolutely fantastic experience .",positive
What a wonderful experience today .,positive
"Honestly, The application has been updated .",neutral
"Today, I absolutely love this product .",positive
"Right now, Everything went completely wrong .",negative
"After trying it, The company released a new announcement .",neutral
"Personally, This made my day much worse .",negative
"Overall, The new features are brilliant .",positive
"Honestly, I am reading the news right now #review",neutral
"After trying it, Everything went completely wrong after trying it.",negative
"Right now, The team did an amazing job after trying it.",positive
"Today, Feeling great and positive today #twitter",positive
"Today, This movie was extremely boring .",negative
"Honestly, I am satisfied with the results right now.",positive
"Overall, The train arrived at the station right now.",neutral
"For me, The team did a terrible job #review",negative
"In my opinion, The results will be announced later .",neutral
"Personally, This is exactly what I wanted in my opinion.",positive
"For me, I am unhappy with the results .",negative
"Right now, The service was excellent .",positive
"In my opinion, The flight is scheduled for Monday",neutral
"After trying it, I am very disappointed with the results #twitter",negative
"After trying it, The service was excellent right now.",positive
"Honestly, The meeting is scheduled for tomorrow .",neutral
"Honestly, I am checking the latest information .",neutral
"Honestly, Such a horrible day #twitter",negative
"Right now, The class begins at 10 AM .",neutral
"In my opinion, The results will be announced later .",neutral
"Personally, This made my day much worse .",negative
"In my opinion, The flight is scheduled for Monday today.",neutral
"Honestly, The report was published today right now.",neutral
"Honestly, I highly recommend this after trying it.",positive
"Honestly, What a wonderful experience today right now.",positive
"Today, The weather is cloudy today #twitter",neutral
"After trying it, The team did an amazing job .",positive
"After trying it, Absolutely fantastic experience .",positive
"Just saying, I am unhappy with the results honestly.",negative
"For me, The results will be announced later in my opinion.",neutral
"Honestly, Worst purchase I have made .",negative
"Honestly, The meeting is scheduled for tomorrow .",neutral
"Just saying, I am reading the news right now .",neutral
"For me, The new features are useless today.",negative
"Right now, I really enjoyed this experience honestly.",positive
"Right now, The meeting is scheduled for tomorrow honestly.",neutral
"Personally, The service was awful .",negative
"Right now, The new features are useless .",negative
"For me, This update is awesome .",positive
"Just saying, The store opens at 9 AM .",neutral
"Personally, The new features are brilliant .",positive
"Right now, I really enjoyed this experience today.",positive
"Right now, I am unhappy with the results today.",negative
The class begins at 10 AM #review,neutral
"After trying it, The company released a new announcement",neutral
"In my opinion, The new features are brilliant honestly.",positive
"Today, I absolutely love this product #review",positive
This update is awesome .,positive
"Today, This update is awesome .",positive
"Just saying, The meeting is scheduled for tomorrow honestly.",neutral
"After trying it, The company released a new announcement .",neutral
"After trying it, This movie was extremely boring after trying it.",negative
"Today, Everything went completely wrong .",negative
"Personally, I received the package this morning after trying it.",neutral
"Just saying, This update is awesome .",positive
"After trying it, The meeting is scheduled for tomorrow",neutral
"Just saying, I absolutely love this product .",positive
"After trying it, This movie was extremely boring right now.",negative
"After trying it, Everything worked perfectly",positive
"Honestly, The train arrived at the station",neutral
"Personally, The store opens at 9 AM in my opinion.",neutral
"Honestly, The team did an amazing job honestly.",positive
"Honestly, The team did a terrible job #twitter",negative
"In my opinion, The service was excellent .",positive
"For me, The new features are brilliant right now.",positive
"Just saying, I would not recommend this .",negative
"Personally, The class begins at 10 AM .",neutral
"Overall, I really disliked this experience .",negative
"Today, The new features are useless .",negative
"Personally, The train arrived at the station right now.",neutral
"Overall, I really disliked this experience .",negative
"Honestly, I watched the latest episode .",neutral
"For me, I watched the latest episode .",neutral
"Today, The new features are useless",negative
"Honestly, The temperature is around 25 degrees .",neutral
"Right now, The team did an amazing job today.",positive
Feeling frustrated and disappointed today right now.,negative
"Overall, The new features are useless #twitter",negative
"After trying it, The flight is scheduled for Monday .",neutral
I really enjoyed this experience #review,positive
"Honestly, This movie was extremely boring .",negative
"Right now, Such a beautiful day #twitter",positive
The new features are useless .,negative
"Right now, Such a horrible day .",negative
The flight is scheduled for Monday .,neutral
"Personally, I am very disappointed with the results in my opinion.",negative
"For me, The class begins at 10 AM in my opinion.",neutral
"Just saying, I really enjoyed this experience after trying it.",positive
"After trying it, Worst purchase I have made right now.",negative
"After trying it, Absolutely awful experience #twitter",negative
"Honestly, I received the package this morning .",neutral
"Just saying, I am checking the latest information .",neutral
"In my opinion, What a horrible experience today #review",negative
"Right now, The package contains two items .",neutral
"For me, I am very happy with the results in my opinion.",positive
"For me, What a wonderful experience today .",positive
"Today, I would not recommend this today.",negative
"In my opinion, Such a horrible day .",negative
"Honestly, I am unhappy with the results .",negative
"Personally, Feeling frustrated and disappointed today .",negative
"For me, This update is awesome right now.",positive
"Honestly, I watched the latest episode .",neutral
"In my opinion, This update is awesome .",positive
Feeling great and positive today .,positive
"Personally, The results will be announced later today.",neutral
"Overall, Everything worked perfectly #review",positive
I am satisfied with the results #twitter,positive
"In my opinion, I highly recommend this honestly.",positive
"After trying it, The service was excellent #review",positive
"Personally, Absolutely awful experience .",negative
Absolutely fantastic experience honestly.,positive
"Right now, The results will be announced later honestly.",neutral
"Just saying, Such a beautiful day .",positive
"In my opinion, The weather is cloudy today #review",neutral
"Right now, This update is terrible .",negative
"For me, The package contains two items today.",neutral
"Overall, This is terrible and does not work .",negative
"In my opinion, The service was excellent",positive
The train arrived at the station .,neutral
"After trying it, The team did a terrible job right now.",negative
"Overall, The store opens at 9 AM .",neutral
"After trying it, I am checking the latest information honestly.",neutral
"Today, I am unhappy with the results .",negative
"Today, The team will meet next week today.",neutral
The temperature is around 25 degrees .,neutral
"After trying it, This is not what I wanted .",negative
"In my opinion, I really disliked this experience in my opinion.",negative
"In my opinion, This made my day so much better .",positive
"In my opinion, I am very happy with the results honestly.",positive
"Right now, Everything worked perfectly right now.",positive
"For me, Feeling great and positive today #review",positive
"In my opinion, The flight is scheduled for Monday honestly.",neutral
"Just saying, I absolutely love this product in my opinion.",positive
Absolutely awful experience .,negative
"Overall, The flight is scheduled for Monday #review",neutral
"For me, The train arrived at the station today.",neutral
"For me, I received the package this morning honestly.",neutral
"For me, I really enjoyed this experience .",positive
"In my opinion, I watched the latest episode right now.",neutral
"After trying it, Absolutely fantastic experience #twitter",positive
"Honestly, The meeting is scheduled for tomorrow honestly.",neutral
"In my opinion, I would not recommend this .",negative
"Just saying, The team did an amazing job right now.",positive
"Honestly, This movie was fantastic",positive
"For me, The product is available in three colors right now.",neutral
"Just saying, The team did a terrible job today.",negative
"Right now, Best purchase I have made in a long time honestly.",positive
"Personally, Such a beautiful day .",positive
"Today, This made my day so much better honestly.",positive
"Right now, This update is terrible #review",negative
"In my opinion, I am disappointed with the quality after trying it.",negative
"Just saying, The new features are brilliant right now.",positive
I watched the latest episode in my opinion.,neutral
"Personally, I am disappointed with the quality .",negative
I received the package this morning .,neutral
"In my opinion, I received the package this morning today.",neutral
"Honestly, Such a horrible day .",negative
"For me, This is exactly what I wanted .",positive
"Overall, Feeling great and positive today .",positive
"Right now, This is amazing and works perfectly right now.",positive
"After trying it, The team did a terrible job #review",negative
"Today, I am very happy with the results .",positive
"Overall, I would not recommend this .",negative
"Right now, The team will meet next week .",neutral
"Just saying, I received the package this morning .",neutral
"Today, The team will meet next week .",neutral
"Today, What a wonderful experience today .",positive
"For me, I absolutely love this product in my opinion.",positive
"In my opinion, This made my day so much better today.",positive
"Overall, Everything worked perfectly in my opinion.",positive
"In my opinion, This made my day much worse .",negative
I received the package this morning,neutral
"Just saying, The team did an amazing job #twitter",positive
"In my opinion, The company released a new announcement .",neutral
"After trying it, I really disliked this experience",negative
I am satisfied with the results honestly.,positive
"After trying it, Worst purchase I have made",negative
"Personally, Everything worked perfectly .",positive
"Honestly, I would not recommend this #twitter",negative
"Today, I am disappointed with the quality .",negative
"Overall, I watched the latest episode .",neutral
"For me, What a horrible experience today .",negative
"Overall, The service was excellent .",positive
"Just saying, The weather is cloudy today right now.",neutral
"Right now, I really enjoyed this experience .",positive
"After trying it, The team did a terrible job .",negative
"Overall, I received the package this morning .",neutral
"Right now, Everything worked perfectly #review",positive
"In my opinion, Such a horrible day #review",negative
The report was published today .,neutral
"Personally, The meeting is scheduled for tomorrow after trying it.",neutral
The meeting is scheduled for tomorrow .,neutral
"Right now, I am very disappointed with the results honestly.",negative
"Honestly, What a wonderful experience today #twitter",positive
"In my opinion, I am checking the latest information .",neutral
"Today, This update is awesome #review",positive
"Today, Everything worked perfectly today.",positive
The meeting is scheduled for tomorrow,neutral
"Honestly, I am satisfied with the results #review",positive
"For me, What a horrible experience today",negative
"For me, I absolutely love this product",positive
"For me, I really enjoyed this experience #twitter",positive
"Just saying, Such a horrible day .",negative
"For me, The class begins at 10 AM #review",neutral
"For me, I am checking the latest information #twitter",neutral
"Personally, This is exactly what I wanted .",positive
"Right now, This made my day much worse .",negative
"Right now, The results will be announced later #review",neutral
I really disliked this experience .,negative
"Just saying, Absolutely awful experience .",negative
"Honestly, Everything worked perfectly honestly.",positive
"Honestly, The meeting is scheduled for tomorrow after trying it.",neutral
"Right now, This movie was extremely boring today.",negative
"Right now, This is exactly what I wanted .",positive
"Just saying, Everything went completely wrong #review",negative
"In my opinion, I am checking the latest information .",neutral
"Today, The flight is scheduled for Monday .",neutral
"After trying it, Everything went completely wrong .",negative
"Personally, Best purchase I have made in a long time .",positive
"Personally, The application has been updated .",neutral
"In my opinion, The weather is cloudy today .",neutral
"Just saying, The product is available in three colors today.",neutral
"Overall, This update is terrible .",negative
"In my opinion, I would not recommend this after trying it.",negative
"In my opinion, Absolutely fantastic experience .",positive
"Personally, This made my day much worse in my opinion.",negative
"Personally, The team did an amazing job .",positive
"Honestly, The service was awful .",negative
"For me, The weather is cloudy today #review",neutral
"Today, Absolutely awful experience .",negative
"Honestly, Feeling great and positive today honestly.",positive
"After trying it, The application has been updated after trying it.",neutral
"For me, I am very happy with the results .",positive
"Overall, The product is available in three colors .",neutral
"Honestly, The store opens at 9 AM .",neutral
"Just saying, The train arrived at the station .",neutral
Everything worked perfectly .,positive
"For me, The temperature is around 25 degrees #review",neutral
"Today, I really enjoyed this experience in my opinion.",positive
"For me, The temperature is around 25 degrees #twitter",neutral
"In my opinion, I am disappointed with the quality today.",negative
"Today, The results will be announced later in my opinion.",neutral
"Right now, Such a beautiful day honestly.",positive
"For me, Feeling frustrated and disappointed today right now.",negative
"In my opinion, Everything worked perfectly in my opinion.",positive
"In my opinion, I am checking the latest information .",neutral
"Honestly, Absolutely awful experience today.",negative
"Today, This update is awesome .",positive
"Just saying, The company released a new announcement .",neutral
"After trying it, This made my day so much better .",positive
The package contains two items in my opinion.,neutral
"Just saying, The meeting is scheduled for tomorrow right now.",neutral
"Today, I am disappointed with the quality after trying it.",negative
"Personally, What a horrible experience today #review",negative
"In my opinion, This movie was extremely boring #twitter",negative
"Just saying, This movie was extremely boring after trying it.",negative
"Just saying, I am satisfied with the results in my opinion.",positive
"Overall, The results will be announced later",neutral
"Honestly, I would not recommend this right now.",negative
"Just saying, The temperature is around 25 degrees .",neutral
"In my opinion, Such a horrible day .",negative
"Today, The new features are useless .",negative
"After trying it, Everything went completely wrong right now.",negative
"Overall, The website is currently available after trying it.",neutral
"In my opinion, The train arrived at the station today.",neutral
"For me, I am checking the latest information .",neutral
"After trying it, I received the package this morning .",neutral
"After trying it, I am very happy with the results",positive
"Overall, I highly recommend this #twitter",positive
"Honestly, The new features are useless honestly.",negative
Everything went completely wrong #twitter,negative
"Right now, The temperature is around 25 degrees .",neutral
"Overall, The meeting is scheduled for tomorrow .",neutral
"Overall, The team did a terrible job",negative
"Just saying, The event starts at 6 PM",neutral
"After trying it, Such a beautiful day today.",positive
Worst purchase I have made .,negative
I am disappointed with the quality .,negative
"Right now, This update is terrible .",negative
"Just saying, The train arrived at the station #review",neutral
"Honestly, The application has been updated .",neutral
"Personally, The new features are brilliant in my opinion.",positive
"In my opinion, The company released a new announcement today.",neutral
"After trying it, I am satisfied with the results",positive
"Just saying, The store opens at 9 AM in my opinion.",neutral
"For me, Feeling great and positive today right now.",positive
"Just saying, The team did an amazing job",positive
"Honestly, I would not recommend this honestly.",negative
The application has been updated .,neutral
"Personally, The package contains two items .",neutral
"Honestly, I am unhappy with the results .",negative
"After trying it, Worst purchase I have made today.",negative
"Today, The train arrived at the station .",neutral
"Just saying, I really enjoyed this experience .",positive
"For me, Absolutely fantastic experience right now.",positive
"Right now, Best purchase I have made in a long time after trying it.",positive
"Today, The temperature is around 25 degrees .",neutral
"Right now, I absolutely hate this product .",negative
"In my opinion, The website is currently available #twitter",neutral
"Personally, The report was published today .",neutral
"Right now, The product is available in three colors .",neutral
"After trying it, Absolutely awful experience .",negative
This is amazing and works perfectly honestly.,positive
"Just saying, The store opens at 9 AM #twitter",neutral
"For me, I would not recommend this #review",negative
"For me, Everything worked perfectly .",positive
"Today, This movie was extremely boring #review",negative
"After trying it, This is amazing and works perfectly #twitter",positive
"After trying it, I am very happy with the results .",positive
I am impressed with the quality .,positive
"Personally, Everything worked perfectly #review",positive
"Honestly, The results will be announced later .",neutral
"For me, The application has been updated .",neutral
"In my opinion, I absolutely hate this product #twitter",negative
"Overall, The new features are brilliant #twitter",positive
"In my opinion, The application has been updated .",neutral
"Overall, I really disliked this experience .",negative
"After trying it, This made my day so much better in my opinion.",positive
"Today, This is not what I wanted .",negative
"Overall, The application has been updated .",neutral
"Right now, Everything went completely wrong .",negative
"Just saying, I am unhappy with the results .",negative
I am disappointed with the quality,negative
This movie was extremely boring #review,negative
"In my opinion, I am very disappointed with the results .",negative
This made my day so much better .,positive
"Right now, The results will be announced later honestly.",neutral
"Overall, I am very happy with the results .",positive
"Right now, The class begins at 10 AM today.",neutral
"Right now, Everything went completely wrong .",negative
"In my opinion, The report was published today .",neutral
I am very disappointed with the results .,negative
"Right now, The service was awful .",negative
"In my opinion, Everything worked perfectly .",positive
"For me, I would not recommend this .",negative
"Today, This update is terrible",negative
The team will meet next week .,neutral
"Right now, The report was published today after trying it.",neutral
"Honestly, What a horrible experience today #twitter",negative
"Today, The product is available in three colors .",neutral
"Today, I am reading the news right now .",neutral
"Today, The application has been updated .",neutral
"For me, The meeting is scheduled for tomorrow right now.",neutral
"Personally, The package contains two items today.",neutral
The team will meet next week .,neutral
"Overall, The service was awful .",negative
"Just saying, I absolutely hate this product .",negative
"Overall, The application has been updated .",neutral
"Personally, This is terrible and does not work .",negative
"In my opinion, The event starts at 6 PM .",neutral
"Honestly, The team did a terrible job after trying it.",negative
"For me, Best purchase I have made in a long time .",positive
"Right now, Best purchase I have made in a long time in my opinion.",positive
"For me, This is not what I wanted #review",negative
"For me, I absolutely hate this product #review",negative
"For me, The team will meet next week .",neutral
"Personally, This update is awesome .",positive
"Honestly, I really disliked this experience .",negative
"Today, I absolutely love this product today.",positive
"Right now, Worst purchase I have made in my opinion.",negative
"In my opinion, The results will be announced later .",neutral
"After trying it, The company released a new announcement .",neutral
"Overall, What a wonderful experience today .",positive
"In my opinion, This is not what I wanted .",negative
"Honestly, The new features are brilliant",positive
Absolutely fantastic experience after trying it.,positive
"Right now, The website is currently available #review",neutral
"Personally, The website is currently available #review",neutral
"Personally, The service was awful .",negative
"In my opinion, This is exactly what I wanted honestly.",positive
"Overall, This update is awesome .",positive
"Personally, Such a horrible day .",negative
"Personally, Such a beautiful day right now.",positive
This made my day so much better today.,positive
"Honestly, This is exactly what I wanted .",positive
"Just saying, Such a beautiful day today.",positive
"For me, Best purchase I have made in a long time in my opinion.",positive
"Honestly, The package contains two items #twitter",neutral
"After trying it, I am reading the news right now .",neutral
"After trying it, The company released a new announcement right now.",neutral
"Today, The company released a new announcement .",neutral
"Today, I am impressed with the quality .",positive
"After trying it, The new features are useless .",negative
"In my opinion, I would not recommend this #review",negative
"Just saying, I would not recommend this .",negative
"Right now, I watched the latest episode #twitter",neutral
"After trying it, The team will meet next week .",neutral
"Today, I would not recommend this .",negative
"Honestly, This is terrible and does not work .",negative
"Today, This movie was extremely boring #review",negative
"Overall, This update is terrible .",negative
"For me, I absolutely love this product .",positive
"In my opinion, This made my day much worse .",negative
The event starts at 6 PM today.,neutral
"Honestly, Such a beautiful day .",positive
"Today, The report was published today honestly.",neutral
"Overall, The flight is scheduled for Monday .",neutral
"Overall, Such a horrible day .",negative
"Just saying, This is amazing and works perfectly .",positive
"Overall, The event starts at 6 PM .",neutral
"Overall, Everything went completely wrong",negative
"In my opinion, I would not recommend this today.",negative
Feeling great and positive today .,positive
"Just saying, Feeling frustrated and disappointed today .",negative
"Just saying, Such a beautiful day honestly.",positive
"Personally, The company released a new announcement .",neutral
Feeling great and positive today #twitter,positive
The service was awful .,negative
Absolutely awful experience .,negative
"Overall, I am disappointed with the quality",negative
"After trying it, The report was published today today.",neutral
"After trying it, The class begins at 10 AM right now.",neutral
"After trying it, The weather is cloudy today",neutral
"After trying it, The service was excellent #twitter",positive
This update is awesome .,positive
"Overall, The team will meet next week in my opinion.",neutral
"For me, I really disliked this experience right now.",negative
"Overall, What a wonderful experience today .",positive
"Overall, Feeling frustrated and disappointed today .",negative
"Right now, I absolutely love this product .",positive
"Right now, Feeling frustrated and disappointed today .",negative
"In my opinion, Such a horrible day after trying it.",negative
"Honestly, I really disliked this experience #twitter",negative
"Honestly, This movie was extremely boring .",negative
"Today, The application has been updated honestly.",neutral
"Just saying, The meeting is scheduled for tomorrow .",neutral
"Honestly, This made my day much worse after trying it.",negative
"For me, Everything went completely wrong #review",negative
"Today, I really enjoyed this experience #twitter",positive
"Personally, This made my day so much better right now.",positive
"For me, This is terrible and does not work after trying it.",negative
"Just saying, The train arrived at the station right now.",neutral
"Overall, The meeting is scheduled for tomorrow #review",neutral
"Personally, Such a horrible day today.",negative
The weather is cloudy today after trying it.,neutral
"In my opinion, Everything went completely wrong .",negative
"For me, The team did an amazing job .",positive
"Overall, The class begins at 10 AM",neutral
"Right now, The new features are useless #review",negative
"Overall, The event starts at 6 PM in my opinion.",neutral
Worst purchase I have made .,negative
"Right now, The package contains two items #twitter",neutral
"Just saying, Everything worked perfectly .",positive
"Right now, The website is currently available in my opinion.",neutral
"In my opinion, Absolutely fantastic experience .",positive
"Personally, This is exactly what I wanted right now.",positive
"Right now, I am unhappy with the results .",negative
"Today, I am checking the latest information .",neutral
"Just saying, The product is available in three colors right now.",neutral
"For me, I highly recommend this honestly.",positive
"For me, I absolutely love this product .",positive
"Honestly, This movie was extremely boring .",negative
"Just saying, Feeling frustrated and disappointed today .",negative
"Right now, I am impressed with the quality .",positive
"Just saying, The service was excellent .",positive
"Personally, I am disappointed with the quality .",negative
"Personally, The application has been updated .",neutral
"After trying it, This update is terrible after trying it.",negative
"Honestly, The results will be announced later .",neutral
"Just saying, The team did an amazing job today.",positive
"Today, Feeling frustrated and disappointed today #review",negative
"Just saying, Such a beautiful day",positive
"Just saying, I absolutely hate this product #review",negative
I am unhappy with the results .,negative
"Just saying, What a wonderful experience today #review",positive
"Overall, The website is currently available .",neutral
"In my opinion, The application has been updated .",neutral
"Just saying, Absolutely awful experience after trying it.",negative
"Just saying, The new features are useless .",negative
I would not recommend this .,negative
"Honestly, The event starts at 6 PM .",neutral
"Overall, Worst purchase I have made .",negative
"Right now, I really disliked this experience right now.",negative
"In my opinion, Everything worked perfectly .",positive
"Honestly, The product is available in three colors honestly.",neutral
I absolutely hate this product .,negative
"After trying it, I am very happy with the results .",positive
I highly recommend this .,positive
"After trying it, Everything worked perfectly .",positive
"Overall, I am unhappy with the results in my opinion.",negative
"In my opinion, This made my day much worse .",negative
"Today, I am satisfied with the results .",positive
"Overall, I am unhappy with the results .",negative
"Overall, I am reading the news right now",neutral
"For me, I watched the latest episode after trying it.",neutral
"In my opinion, The service was awful .",negative
"Today, The weather is cloudy today .",neutral
"Personally, The team did an amazing job .",positive
"For me, The train arrived at the station after trying it.",neutral
The team did an amazing job honestly.,positive
"Today, What a horrible experience today .",negative
"Honestly, Feeling frustrated and disappointed today today.",negative
Feeling frustrated and disappointed today after trying it.,negative
I absolutely love this product #review,positive
"Right now, Such a beautiful day",positive
"Overall, The team did a terrible job today.",negative
"Today, I absolutely hate this product in my opinion.",negative
"Just saying, The flight is scheduled for Monday .",neutral
"Honestly, The weather is cloudy today #review",neutral
"Honestly, Absolutely fantastic experience .",positive
"Just saying, The package contains two items .",neutral
"Overall, The temperature is around 25 degrees after trying it.",neutral
"Right now, This made my day much worse today.",negative
"Honestly, The website is currently available .",neutral
"For me, The store opens at 9 AM",neutral
"Overall, What a wonderful experience today",positive
"Personally, The team did an amazing job .",positive
The temperature is around 25 degrees #review,neutral
"Personally, I am unhappy with the results .",negative
"Overall, This is amazing and works perfectly honestly.",positive
"Overall, Best purchase I have made in a long time in my opinion.",positive
"Honestly, The train arrived at the station #twitter",neutral
"Personally, Best purchase I have made in a long time honestly.",positive
"Right now, The application has been updated .",neutral
"After trying it, I received the package this morning .",neutral
"Honestly, What a horrible experience today #review",negative
"Just saying, What a wonderful experience today .",positive
"After trying it, I highly recommend this .",positive
"Today, The company released a new announcement .",neutral
"Just saying, What a wonderful experience today .",positive
"In my opinion, What a horrible experience today .",negative
"Right now, The team did a terrible job",negative
"Honestly, Feeling frustrated and disappointed today in my opinion.",negative
"Overall, This is exactly what I wanted #review",positive
This is exactly what I wanted today.,positive
"Today, The store opens at 9 AM #review",neutral
"Today, The results will be announced later .",neutral
"Honestly, The service was awful .",negative
"Overall, Everything went completely wrong .",negative
"In my opinion, This made my day much worse .",negative
"Overall, I am unhappy with the results #twitter",negative
"Honestly, The company released a new announcement #review",neutral
"Overall, Such a beautiful day right now.",positive
"After trying it, Absolutely fantastic experience honestly.",positive
"Overall, Everything worked perfectly .",positive
"In my opinion, I am checking the latest information .",neutral
"Honestly, This update is awesome honestly.",positive
"Right now, The website is currently available .",neutral
"Honestly, Feeling frustrated and disappointed today .",negative
"Just saying, Such a beautiful day .",positive
"For me, Worst purchase I have made .",negative
What a wonderful experience today .,positive
"Personally, Best purchase I have made in a long time .",positive
"In my opinion, I am very happy with the results .",positive
"After trying it, This made my day so much better .",positive
"Personally, The service was excellent right now.",positive
"Just saying, This update is terrible .",negative
"Just saying, The website is currently available .",neutral
"After trying it, What a horrible experience today .",negative
"Right now, Worst purchase I have made .",negative
"In my opinion, I am satisfied with the results today.",positive
"Overall, This made my day so much better honestly.",positive
"Today, I am impressed with the quality #twitter",positive
This update is awesome honestly.,positive
"Right now, This is exactly what I wanted #twitter",positive
"Honestly, Everything went completely wrong .",negative
"Just saying, Absolutely awful experience right now.",negative
"For me, What a horrible experience today .",negative
"Just saying, This is exactly what I wanted after trying it.",positive
"Overall, Everything went completely wrong after trying it.",negative
"In my opinion, I absolutely love this product .",positive
"Today, The team did a terrible job #twitter",negative
"In my opinion, The application has been updated in my opinion.",neutral
"Right now, The team did an amazing job",positive
"Personally, Such a horrible day .",negative
"Today, Such a horrible day after trying it.",negative
"Honestly, The train arrived at the station after trying it.",neutral
"In my opinion, This made my day much worse in my opinion.",negative
"Personally, The service was excellent .",positive
"Honestly, This made my day much worse after trying it.",negative
"Right now, The temperature is around 25 degrees after trying it.",neutral
"In my opinion, The report was published today .",neutral
"For me, I am satisfied with the results right now.",positive
"Just saying, I am very disappointed with the results honestly.",negative
"Just saying, The store opens at 9 AM honestly.",neutral
"Today, Absolutely fantastic experience .",positive
"After trying it, The flight is scheduled for Monday .",neutral
I absolutely love this product .,positive
I am unhappy with the results after trying it.,negative
"For me, The service was awful right now.",negative
Best purchase I have made in a long time .,positive
"For me, The website is currently available in my opinion.",neutral
"In my opinion, I really enjoyed this experience",positive
"Honestly, What a horrible experience today",negative
"After trying it, The team will meet next week right now.",neutral
"For me, Absolutely fantastic experience .",positive
The package contains two items .,neutral
"For me, This update is awesome honestly.",positive
"Personally, Best purchase I have made in a long time right now.",positive
"After trying it, The results will be announced later .",neutral
"In my opinion, The product is available in three colors #twitter",neutral
"Just saying, I am very disappointed with the results #twitter",negative
The flight is scheduled for Monday .,neutral
"Personally, I am impressed with the quality #review",positive
"In my opinion, I am impressed with the quality today.",positive
"Personally, This made my day so much better .",positive
"In my opinion, The new features are brilliant in my opinion.",positive
"Right now, I really enjoyed this experience .",positive
"For me, This is amazing and works perfectly in my opinion.",positive
"Honestly, Feeling great and positive today #review",positive
"After trying it, I am satisfied with the results in my opinion.",positive
"Right now, The product is available in three colors right now.",neutral
"Today, The flight is scheduled for Monday .",neutral
"Personally, I really disliked this experience right now.",negative
"For me, Absolutely awful experience",negative
"Honestly, Absolutely fantastic experience .",positive
"Honestly, I really enjoyed this experience .",positive
"Just saying, The team did an amazing job .",positive
"Today, The new features are useless .",negative
"After trying it, I am very happy with the results .",positive
"Overall, I am reading the news right now .",neutral
"In my opinion, I received the package this morning .",neutral
"Overall, The package contains two items .",neutral
"Today, I highly recommend this .",positive
"Right now, I watched the latest episode .",neutral
"Honestly, The store opens at 9 AM",neutral
"Overall, I am impressed with the quality in my opinion.",positive
"Overall, I really disliked this experience .",negative
"Just saying, This movie was fantastic #twitter",positive
"Personally, What a horrible experience today today.",negative
"Personally, This update is awesome .",positive
I received the package this morning after trying it.,neutral
The team did a terrible job today.,negative
"Personally, The website is currently available .",neutral
"Just saying, Feeling great and positive today",positive
"Honestly, I am impressed with the quality .",positive
"Just saying, This made my day so much better .",positive
"After trying it, Feeling great and positive today",positive
"Today, The event starts at 6 PM",neutral
"Overall, The website is currently available .",neutral
"Personally, The service was excellent right now.",positive
"Right now, I highly recommend this .",positive
"Just saying, The class begins at 10 AM #twitter",neutral
"Personally, I am checking the latest information today.",neutral
"Personally, I really disliked this experience right now.",negative
"For me, This made my day much worse .",negative
"In my opinion, I really disliked this experience after trying it.",negative
"Today, I highly recommend this after trying it.",positive
"Just saying, I am satisfied with the results .",positive
"Personally, The store opens at 9 AM .",neutral
This update is terrible .,negative
"Honestly, Everything went completely wrong .",negative
"In my opinion, The new features are useless .",negative
"After trying it, Absolutely fantastic experience honestly.",positive
The train arrived at the station .,neutral
This made my day much worse,negative
"For me, This is amazing and works perfectly after trying it.",positive
"Honestly, I absolutely hate this product .",negative
"For me, This made my day much worse #twitter",negative
"After trying it, This is amazing and works perfectly #review",positive
"Just saying, The new features are brilliant today.",positive
"Right now, Worst purchase I have made #review",negative
"Overall, I am disappointed with the quality .",negative
"After trying it, The package contains two items today.",neutral
"Overall, The team will meet next week in my opinion.",neutral
"Honestly, The team did a terrible job .",negative
"In my opinion, The flight is scheduled for Monday",neutral
"Just saying, The new features are useless in my opinion.",negative
"Personally, Absolutely awful experience .",negative
"Today, This is amazing and works perfectly right now.",positive
"In my opinion, This made my day so much better .",positive
"Overall, I really disliked this experience .",negative
"Honestly, The store opens at 9 AM .",neutral
"Today, I am very disappointed with the results today.",negative
"In my opinion, I am very happy with the results after trying it.",positive
The team did a terrible job today.,negative
"Overall, Everything worked perfectly .",positive
"Overall, The train arrived at the station .",neutral
"After trying it, The report was published today .",neutral
"Personally, The event starts at 6 PM right now.",neutral
"For me, This movie was fantastic .",positive
"Just saying, Such a beautiful day right now.",positive
"Today, The flight is scheduled for Monday .",neutral
"Honestly, I really disliked this experience #twitter",negative
"Right now, I would not recommend this #review",negative
"Honestly, I absolutely hate this product #review",negative
"Honestly, I am checking the latest information honestly.",neutral
"Overall, I am disappointed with the quality right now.",negative
What a horrible experience today,negative
"Right now, The report was published today #twitter",neutral
"For me, I am reading the news right now .",neutral
"In my opinion, I received the package this morning .",neutral
"Overall, I am unhappy with the results .",negative
"Today, The results will be announced later in my opinion.",neutral
"Just saying, I received the package this morning .",neutral
"For me, The class begins at 10 AM .",neutral
"After trying it, I watched the latest episode .",neutral
The new features are useless .,negative
"Just saying, This is not what I wanted honestly.",negative
"For me, This movie was fantastic right now.",positive
"Overall, This update is terrible #review",negative
I absolutely love this product #twitter,positive
"After trying it, Everything went completely wrong after trying it.",negative
"Honestly, The weather is cloudy today .",neutral
"Honestly, This is not what I wanted .",negative
The team will meet next week after trying it.,neutral
"Honestly, Feeling great and positive today .",positive
"Just saying, The package contains two items .",neutral
The new features are useless .,negative
"Honestly, Such a horrible day today.",negative
"In my opinion, The team did an amazing job .",positive
"For me, Absolutely fantastic experience right now.",positive
"Honestly, I highly recommend this right now.",positive
"Just saying, I am very happy with the results in my opinion.",positive
"In my opinion, I am checking the latest information .",neutral
"Honestly, The train arrived at the station .",neutral
"For me, The team will meet next week in my opinion.",neutral
"Overall, The report was published today",neutral
"Honestly, I would not recommend this #review",negative
"Today, Worst purchase I have made today.",negative
"Overall, This is amazing and works perfectly in my opinion.",positive
"After trying it, The website is currently available .",neutral
"Overall, Such a beautiful day right now.",positive
"After trying it, The temperature is around 25 degrees",neutral
"Today, The train arrived at the station .",neutral
"For me, Absolutely fantastic experience right now.",positive
"In my opinion, Absolutely awful experience #review",negative
"Personally, I received the package this morning .",neutral
"Overall, The service was excellent #twitter",positive
"Honestly, The results will be announced later #twitter",neutral
"Personally, The train arrived at the station #review",neutral
"After trying it, The flight is scheduled for Monday .",neutral
"Right now, The company released a new announcement in my opinion.",neutral
Such a beautiful day .,positive
"Just saying, The package contains two items .",neutral
"Overall, The meeting is scheduled for tomorrow .",neutral
"Overall, This movie was fantastic #review",positive
"Just saying, This made my day so much better right now.",positive
"Personally, The meeting is scheduled for tomorrow today.",neutral
"For me, The report was published today in my opinion.",neutral
"After trying it, Absolutely fantastic experience .",positive
"After trying it, The package contains two items honestly.",neutral
"Overall, This is not what I wanted in my opinion.",negative
"In my opinion, Feeling great and positive today right now.",positive
"Honestly, I am unhappy with the results .",negative
"After trying it, What a horrible experience today #twitter",negative
"Overall, Feeling frustrated and disappointed today .",negative
"For me, What a wonderful experience today .",positive
"Right now, The application has been updated honestly.",neutral
"Right now, I am unhappy with the results .",negative
"For me, Everything went completely wrong .",negative
"Personally, This made my day so much better today.",positive
"Overall, The product is available in three colors in my opinion.",neutral
"Overall, The company released a new announcement .",neutral
"In my opinion, This is terrible and does not work in my opinion.",negative
"Today, This movie was extremely boring",negative
"Just saying, I watched the latest episode #twitter",neutral
"Just saying, This is amazing and works perfectly honestly.",positive
"Overall, I am reading the news right now .",neutral
"Overall, Such a horrible day .",negative
"Overall, This movie was fantastic .",positive
"Just saying, The event starts at 6 PM #review",neutral
"In my opinion, The service was awful .",negative
"For me, This made my day much worse honestly.",negative
"Honestly, This update is awesome in my opinion.",positive
"After trying it, Absolutely fantastic experience .",positive
"Honestly, The team did a terrible job .",negative
"Honestly, This is terrible and does not work after trying it.",negative
"Overall, Everything went completely wrong today.",negative
"Personally, The class begins at 10 AM .",neutral
This is exactly what I wanted after trying it.,positive
"Just saying, The team did an amazing job .",positive
The website is currently available .,neutral
"Right now, I am reading the news right now #review",neutral
"Personally, The team did an amazing job",positive
"After trying it, The website is currently available honestly.",neutral
"Just saying, The meeting is scheduled for tomorrow",neutral
Absolutely awful experience #review,negative
"Today, Everything went completely wrong .",negative
"Today, The report was published today .",neutral
"Right now, Absolutely fantastic experience .",positive
"Today, What a horrible experience today honestly.",negative
"Today, Worst purchase I have made today.",negative
"After trying it, The product is available in three colors",neutral
"After trying it, I am very disappointed with the results .",negative
"Overall, The class begins at 10 AM",neutral
"Personally, What a wonderful experience today .",positive
"Overall, The train arrived at the station honestly.",neutral
"Overall, Such a beautiful day in my opinion.",positive
"After trying it, The company released a new announcement after trying it.",neutral
"Just saying, The new features are useless .",negative
"For me, The team did a terrible job .",negative
"Today, I watched the latest episode .",neutral
"For me, I absolutely love this product .",positive
"Personally, Feeling frustrated and disappointed today right now.",negative
"For me, Best purchase I have made in a long time honestly.",positive
"Overall, I am impressed with the quality .",positive
"Just saying, I absolutely love this product honestly.",positive
"Right now, The team will meet next week .",neutral
"Overall, I highly recommend this .",positive
"Overall, This is exactly what I wanted in my opinion.",positive
"Just saying, I am very disappointed with the results .",negative
"Today, This update is awesome .",positive
"Overall, Everything went completely wrong honestly.",negative
"Just saying, The service was awful after trying it.",negative
"Personally, This made my day much worse .",negative
"Just saying, Feeling great and positive today .",positive
"Personally, The report was published today",neutral
"For me, The company released a new announcement .",neutral
"After trying it, I absolutely hate this product .",negative
"Overall, This made my day so much better today.",positive
"Today, Absolutely awful experience .",negative
"Just saying, The meeting is scheduled for tomorrow .",neutral
"Just saying, The new features are useless after trying it.",negative
"Just saying, The class begins at 10 AM .",neutral
"Honestly, I absolutely love this product #review",positive
"Today, I am impressed with the quality .",positive
"For me, I received the package this morning .",neutral
"Just saying, The event starts at 6 PM .",neutral
"Just saying, This made my day so much better #twitter",positive
"In my opinion, This is exactly what I wanted .",positive
"Today, Feeling frustrated and disappointed today .",negative
This is not what I wanted #review,negative
"Honestly, The company released a new announcement #review",neutral
"Overall, The package contains two items today.",neutral
"Overall, The report was published today honestly.",neutral
"Right now, I absolutely hate this product #twitter",negative
"Right now, The train arrived at the station .",neutral
"Personally, I am very happy with the results .",positive
"For me, This is not what I wanted #review",negative
"After trying it, Feeling frustrated and disappointed today right now.",negative
"Honestly, What a horrible experience today",negative
"In my opinion, Best purchase I have made in a long time .",positive
"Honestly, Such a beautiful day after trying it.",positive
"Honestly, The service was excellent",positive
"For me, The product is available in three colors in my opinion.",neutral
I am unhappy with the results in my opinion.,negative
"Personally, I watched the latest episode .",neutral
"In my opinion, I really disliked this experience .",negative
"Honestly, Absolutely awful experience in my opinion.",negative
"Overall, The temperature is around 25 degrees right now.",neutral
"Right now, I highly recommend this after trying it.",positive
This made my day so much better .,positive
"Personally, I would not recommend this .",negative
"Honestly, The new features are brilliant right now.",positive
"Personally, I really disliked this experience after trying it.",negative
"For me, Absolutely awful experience .",negative
"Honestly, The company released a new announcement right now.",neutral
"Today, This movie was fantastic in my opinion.",positive
"Overall, What a wonderful experience today .",positive
"Personally, Absolutely fantastic experience .",positive
"Honestly, The weather is cloudy today .",neutral
"Personally, I am very happy with the results .",positive
"Today, Absolutely fantastic experience",positive
"Honestly, The team did a terrible job in my opinion.",negative
I am unhappy with the results #review,negative
"For me, The new features are brilliant today.",positive
"Personally, Feeling great and positive today",positive
"For me, The store opens at 9 AM .",neutral
Everything worked perfectly .,positive
The new features are brilliant .,positive
"In my opinion, Such a horrible day",negative
"Overall, I absolutely love this product right now.",positive
"Honestly, I am satisfied with the results",positive
"Personally, The results will be announced later honestly.",neutral
"For me, I would not recommend this .",negative
"After trying it, I highly recommend this honestly.",positive
"Overall, This made my day much worse .",negative
"For me, The application has been updated #twitter",neutral
This made my day so much better today.,positive
"Right now, This is not what I wanted #twitter",negative
"Right now, Such a beautiful day honestly.",positive
This update is terrible .,negative
"Personally, The results will be announced later in my opinion.",neutral
"Honestly, The team will meet next week .",neutral
"Today, This is amazing and works perfectly #twitter",positive
This movie was fantastic .,positive
I watched the latest episode .,neutral
"Just saying, Everything went completely wrong #review",negative
"For me, I absolutely love this product after trying it.",positive
"For me, This movie was extremely boring .",negative
I am very disappointed with the results right now.,negative
"Just saying, The meeting is scheduled for tomorrow right now.",neutral
"Overall, This is exactly what I wanted .",positive
"After trying it, This is terrible and does not work .",negative
"Overall, The report was published today",neutral
"Just saying, The package contains two items right now.",neutral
"Just saying, Feeling frustrated and disappointed today",negative
"For me, The class begins at 10 AM today.",neutral
"Right now, Worst purchase I have made #twitter",negative
"Today, I am very happy with the results after trying it.",positive
"Honestly, The class begins at 10 AM .",neutral
"In my opinion, The company released a new announcement #review",neutral
I received the package this morning .,neutral
"In my opinion, The team did a terrible job .",negative
"Right now, The team did a terrible job .",negative
"Overall, The service was awful .",negative
"Just saying, The flight is scheduled for Monday in my opinion.",neutral
I am reading the news right now .,neutral
"Just saying, The application has been updated right now.",neutral
"After trying it, This movie was extremely boring",negative
"Right now, The train arrived at the station .",neutral
"In my opinion, I am satisfied with the results today.",positive
"Just saying, This is exactly what I wanted .",positive
"After trying it, I am very disappointed with the results .",negative
"Overall, I am reading the news right now .",neutral
"For me, I am very happy with the results .",positive
"Overall, The flight is scheduled for Monday .",neutral
"Personally, This is not what I wanted in my opinion.",negative
"Just saying, Best purchase I have made in a long time #review",positive
"After trying it, The service was excellent #review",positive
"Honestly, Absolutely awful experience #twitter",negative
"Right now, The website is currently available .",neutral
"Right now, I am disappointed with the quality .",negative
"Right now, I am very disappointed with the results .",negative
This is terrible and does not work in my opinion.,negative
"Just saying, I really enjoyed this experience .",positive
"Right now, I am unhappy with the results .",negative
"Overall, The company released a new announcement in my opinion.",neutral
"After trying it, What a horrible experience today .",negative
"Overall, I really enjoyed this experience .",positive
"Personally, This is terrible and does not work .",negative
"For me, I really enjoyed this experience in my opinion.",positive
"After trying it, Absolutely fantastic experience #review",positive
"Overall, This movie was extremely boring honestly.",negative
"Honestly, I would not recommend this .",negative
"In my opinion, The class begins at 10 AM .",neutral
"Today, I am disappointed with the quality #twitter",negative
"Right now, I highly recommend this .",positive
"Just saying, I am very disappointed with the results .",negative
"Honestly, I am reading the news right now .",neutral
"Today, I really disliked this experience",negative
"Today, The team did a terrible job honestly.",negative
"Overall, The service was excellent honestly.",positive
"For me, I am disappointed with the quality .",negative
"Right now, The new features are useless .",negative
"After trying it, Such a beautiful day today.",positive
"Honestly, The service was awful",negative
"Just saying, I am very happy with the results",positive
"For me, This made my day so much better today.",positive
"For me, Such a horrible day right now.",negative
"Honestly, The new features are brilliant #twitter",positive
"Right now, The team did an amazing job .",positive
"Just saying, I watched the latest episode .",neutral
"Today, What a wonderful experience today .",positive
"After trying it, The team did a terrible job #review",negative
"Honestly, The flight is scheduled for Monday .",neutral
"Right now, Worst purchase I have made .",negative
"After trying it, The team did a terrible job .",negative
"In my opinion, Everything worked perfectly .",positive
"Today, The company released a new announcement .",neutral
"Personally, I am very disappointed with the results today.",negative
"Personally, I am satisfied with the results",positive
Best purchase I have made in a long time #review,positive
"In my opinion, This movie was extremely boring .",negative
"In my opinion, This made my day so much better today.",positive
I am very disappointed with the results in my opinion.,negative
"After trying it, I really disliked this experience .",negative
"Overall, I am very disappointed with the results today.",negative
"After trying it, This movie was fantastic .",positive
"For me, This is not what I wanted right now.",negative
"After trying it, Such a horrible day .",negative
"Just saying, Everything worked perfectly in my opinion.",positive
"Honestly, This is terrible and does not work .",negative
"Just saying, The temperature is around 25 degrees after trying it.",neutral
"In my opinion, Absolutely fantastic experience",positive
"Right now, The event starts at 6 PM today.",neutral
"After trying it, This is not what I wanted .",negative
"Personally, Feeling great and positive today right now.",positive
"Honestly, The class begins at 10 AM #review",neutral
"Today, This movie was fantastic .",positive
"Honestly, I received the package this morning .",neutral
"Personally, This made my day so much better",positive
"For me, This is exactly what I wanted in my opinion.",positive
The new features are useless #twitter,negative
"Just saying, The service was awful .",negative
The new features are brilliant .,positive
"Just saying, I am very happy with the results #review",positive
"Just saying, I absolutely hate this product today.",negative
"Today, The team did a terrible job honestly.",negative
The flight is scheduled for Monday in my opinion.,neutral
"Personally, Such a beautiful day #review",positive
"Honestly, What a wonderful experience today",positive
"After trying it, I received the package this morning right now.",neutral
"Overall, The flight is scheduled for Monday .",neutral
The package contains two items after trying it.,neutral
"Right now, The train arrived at the station #twitter",neutral
"Overall, The service was excellent .",positive
"Just saying, I am checking the latest information #review",neutral
"Right now, I am satisfied with the results .",positive
"Right now, I am unhappy with the results in my opinion.",negative
